{"32.66666666666667,-80.78947368421055":[99.75915914358319,99.75915914358319,99.75915914358319,99.75915914358319,99.75915914358319,99.75915914358319,99.75915914358319,99.75915914358319,99.75915914358319],"40.33333333333334,-92.57894736842107":[98.14205456016276,98.14205456016276,98.14205456016276,98.14205456016276],"42.8888888888889,-80.78947368421055":[94.04224296343942,94.04224296343942,94.04224296343942,94.04224296343942,94.04224296343942,94.04224296343942,94.04224296343942,94.04224296343942,94.04224296343942,94.04224296343942,94.04224296343942],"40.33333333333334,-69.00000000000003":[98.08168207309659],"32.66666666666667,-86.68421052631581":[92.78536439083945,92.78536439083945],"63.88888888888889,-147.8947368421052":[99.75915914358319],"62.111111111111114,-150.10526315789468":[99.20923190247241],"30.111111111111114,-98.47368421052633":[98.14205456016276,98.14205456016276,98.14205456016276,98.14205456016276,98.14205456016276,98.14205456016276],"30.111111111111114,-95.5263157894737":[98.51066705886666,98.51066705886666,98.51066705886666,98.51066705886666,98.51066705886666,98.51066705886666,98.51066705886666,98.51066705886666,98.51066705886666,98.51066705886666],"42.8888888888889,-86.68421052631581":[98.5126834148962,98.5126834148962,98.5126834148962,98.5126834148962,98.5126834148962,98.5126834148962,98.5126834148962,98.5126834148962],"30.111111111111114,-89.63157894736844":[95.03440435668804],"45.44444444444446,-89.63157894736844":[94.04224296343942],"35.22222222222223,-89.63157894736844":[99.13016343442668,99.13016343442668,99.13016343442668,99.13016343442668,99.13016343442668,99.13016343442668,99.13016343442668,99.13016343442668,99.13016343442668],"32.66666666666667,-77.84210526315792":[92.30723544759725,92.30723544759725,92.30723544759725,92.30723544759725],"25.0,-83.73684210526318":[98.08439313766723,98.08439313766723,98.08439313766723,98.08439313766723],"37.777777777777786,-113.21052631578948":[93.37782968126476],"42.8888888888889,-74.89473684210529":[92.48448747946716,92.48448747946716,92.48448747946716,92.48448747946716,92.48448747946716,92.48448747946716,92.48448747946716,92.48448747946716],"40.33333333333334,-80.78947368421055":[93.95500045892845,93.95500045892845,93.95500045892845,93.95500045892845,93.95500045892845],"35.22222222222223,-107.31578947368422":[98.0061862160883],"45.44444444444446,-122.05263157894737":[93.95500045892845,93.95500045892845,93.95500045892845,93.95500045892845,93.95500045892845,93.95500045892845],"42.8888888888889,-69.00000000000003":[98.51134337184303,98.51134337184303,98.51134337184303],"35.22222222222223,-116.15789473684211":[95.21017726312832,95.21017726312832,95.21017726312832,95.21017726312832],"40.33333333333334,-110.26315789473685":[98.5126834148962],"42.8888888888889,-116.15789473684211":[98.51134337184303],"42.8888888888889,-83.73684210526318":[98.51066705886666,98.51066705886666,98.51066705886666,98.51066705886666,98.51066705886666,98.51066705886666,98.51066705886666,98.51066705886666],"42.8888888888889,-119.10526315789474":[99.13016343442668],"40.33333333333334,-86.68421052631581":[91.06864039890567,91.06864039890567,91.06864039890567,91.06864039890567,91.06864039890567,91.06864039890567],"25.0,-77.84210526315792":[99.2070529464581,99.2070529464581,99.2070529464581],"32.66666666666667,-113.21052631578948":[97.56331294437301],"42.8888888888889,-77.84210526315792":[97.55807473238056,97.55807473238056,97.55807473238056,97.55807473238056,97.55807473238056,97.55807473238056,97.55807473238056,97.55807473238056,97.55807473238056,97.55807473238056,97.55807473238056,97.55807473238056],"27.555555555555557,-83.73684210526318":[93.37782968126476,93.37782968126476,93.37782968126476,93.37782968126476,93.37782968126476],"37.777777777777786,-104.36842105263159":[93.43106821485993,93.43106821485993,93.43106821485993,93.43106821485993,93.43106821485993,93.43106821485993,93.43106821485993],"32.66666666666667,-104.36842105263159":[92.86422604629234,92.86422604629234,92.86422604629234,92.86422604629234,92.86422604629234,92.86422604629234],"45.44444444444446,-98.47368421052633":[92.86422604629234],"37.777777777777786,-110.26315789473685":[91.09881555427634],"37.777777777777786,-107.31578947368422":[90.85721616585468,90.85721616585468,90.85721616585468,90.85721616585468],"27.555555555555557,-77.84210526315792":[90.96056110903184,90.96056110903184,90.96056110903184,90.96056110903184,90.96056110903184,90.96056110903184],"35.22222222222223,-101.42105263157896":[91.43445158065869,91.43445158065869,91.43445158065869,91.43445158065869,91.43445158065869,91.43445158065869],"30.111111111111114,-92.57894736842107":[99.52291452011495,99.52291452011495,99.52291452011495,99.52291452011495,99.52291452011495],"40.33333333333334,-122.05263157894737":[95.21144708629508],"35.22222222222223,-104.36842105263159":[94.7628131736192,94.7628131736192,94.7628131736192,94.7628131736192,94.7628131736192,94.7628131736192,94.7628131736192],"32.66666666666667,-95.5263157894737":[92.0211588246666,92.0211588246666,92.0211588246666,92.0211588246666,92.0211588246666,92.0211588246666,92.0211588246666,92.0211588246666],"32.66666666666667,-101.42105263157896":[90.92686736542346,90.92686736542346,90.92686736542346,90.92686736542346,90.92686736542346,90.92686736542346],"40.33333333333334,-89.63157894736844":[98.14566629104851,98.14566629104851,98.14566629104851,98.14566629104851,98.14566629104851,98.14566629104851,98.14566629104851,98.14566629104851],"30.111111111111114,-101.42105263157896":[96.88109493952865,96.88109493952865,96.88109493952865,96.88109493952865,96.88109493952865,96.88109493952865],"42.8888888888889,-95.5263157894737":[94.15892873791765,94.15892873791765],"37.777777777777786,-101.42105263157896":[93.45119500473709,93.45119500473709],"37.777777777777786,-86.68421052631581":[93.24604114040356,93.24604114040356,93.24604114040356,93.24604114040356,93.24604114040356,93.24604114040356,93.24604114040356],"27.555555555555557,-80.78947368421055":[91.32385520598925,91.32385520598925,91.32385520598925,91.32385520598925,91.32385520598925,91.32385520598925],"45.44444444444446,-95.5263157894737":[100.0],"63.88888888888889,-150.10526315789468":[99.90615923888365],"25.0,-80.78947368421055":[99.52291452011495,99.52291452011495,99.52291452011495,99.52291452011495],"37.777777777777786,-89.63157894736844":[97.57522643950153,97.57522643950153],"27.555555555555557,-86.68421052631581":[97.56331294437301,97.56331294437301],"42.8888888888889,-71.94736842105266":[97.11897967461621,97.11897967461621,97.11897967461621,97.11897967461621,97.11897967461621,97.11897967461621,97.11897967461621],"37.777777777777786,-122.05263157894737":[93.27140975326785,93.27140975326785,93.27140975326785,93.27140975326785,93.27140975326785],"37.777777777777786,-83.73684210526318":[91.89767427374325,91.89767427374325,91.89767427374325,91.89767427374325,91.89767427374325,91.89767427374325,91.89767427374325,91.89767427374325,91.89767427374325,91.89767427374325,91.89767427374325,91.89767427374325,91.89767427374325,91.89767427374325,91.89767427374325,91.89767427374325,91.89767427374325],"30.111111111111114,-77.84210526315792":[95.11393922158993],"37.777777777777786,-92.57894736842107":[93.30282439116272,93.30282439116272,93.30282439116272,93.30282439116272],"40.33333333333334,-107.31578947368422":[91.54435479050308,91.54435479050308,91.54435479050308,91.54435479050308,91.54435479050308],"32.66666666666667,-89.63157894736844":[91.3234019337477],"37.777777777777786,-74.89473684210529":[97.56177232105723,97.56177232105723,97.56177232105723,97.56177232105723,97.56177232105723,97.56177232105723,97.56177232105723,97.56177232105723,97.56177232105723,97.56177232105723,97.56177232105723],"42.8888888888889,-89.63157894736844":[91.24456406228028,91.24456406228028,91.24456406228028,91.24456406228028,91.24456406228028,91.24456406228028,91.24456406228028,91.24456406228028],"37.777777777777786,-80.78947368421055":[93.38344150242705],